{
    "k_coefficients": {
        "equation": "k = a * gain + b",
        "a": 0.00010317007229348418,
        "b": -2.413542194396143e-06
    },
    "sigma2_coefficients": {
        "equation": "sigma^2 = a * gain^2 + b * gain + c",
        "a": 2.579533793421825e-07,
        "b": 1.1806597914655808e-07,
        "c": 2.0267914963932286e-06
    }
}